tag,count
nature,5020
lunar,4228
moon,4212
black,3962
black background,3714
outdoor,3497
abstract,2862
texture,2827
night,2583
minimalism,2324
full moon,2169
rain,1968
serene,1929
aurora,1739
monochrome,1600
sun,1501
water,1491
surreal,1468
dusk,1371
quirky,1349
art,1306
pattern,1201
fireworks,1162
light painting,1097
neon light,1084
landscape,1074
sky,1041
round,959
circle,921
bubble,820
blackandwhite,817
cloud,806
curve,795
ethereal,733
sea,721
storm,711
sunset,705
sunlight,692
fog,673
blue,647
macro,620
indoor,579
urban decay,575
organic pattern,555
fire,549
fractal,522
underwater,504
plant,496
architecture,448
food,442
light,430
skyline,419
satellite,419
hill,401
foothill,397
text,386
animal,382
mountain,379
bright,369
sunrise,359
photo border,347
symmetry,347
depth of field,304
flame,297
rainbow,297
bonfire,294
romantic,278
foliage,274
diagonal,272
photomicrograph,271
ancient,271
forest,267
lake,267
mist,258
snow,258
blur,245
autumn,240
jellyfish,235
ball,227
red,213
tree,208
bokeh,193
lamp,189
lampshade,183
river,172
field,170
windmill,169
web,167
city,166
passageway,164
cityscape,164
lines,155
white,152
vehicle,145
sport,140
purple,140
spider web,139
path,136
people,131
green,130
beverage,129
writing,121
rock,120
shore,118
dark red,116
geometric,114
hdr,111
fountain,109
meadow,108
building,105
alcohol,102
yellow,101
gravel,100
wine,99
ocean,99
screenshot,93
fruit,89
egg,88
sign,86
coast,85
trail,84
hands,84
street sign,84
head,83
aircraft,83
wave,79
magenta,79
slope,79
ocean floor,79
porthole,77
maroon,75
clam,74
steeple,73
arch,73
grass,73
radiogram,71
dust storm,70
ice,70
kitchen ware,69
cable,68
streetlight,68
power line,68
pink,66
post,66
gray,64
alley,63
wire,63
lamppost,62
seaside,62
mountainside,61
cigarette butt,60
dish,59
bowl,59
room light,59
pastel,58
telephone wire,57
airplane,53
electronics,53
white background,52
airplane wing,51
bridge,51
indigo,51
dune,48
scallop,48
aerial,48
sand,46
makeup,46
music,45
tower,44
beach,43
waterfall,41
chromatic,40
track,40
crimson,39
waterfront,39
plain,38
candle,38
church,37
overcast,37
dewdrop,37
road,36
eye,35
leaf,35
pear,34
hand,33
radome,32
steppe,32
balloon,30
soil,29
boat,28
disk,27
dome building,26
obelisk,25
handmade,25
billiards,24
coil,24
lakefront,24
telephone pole,24
atrium,23
water sport,23
painting,23
wood,23
reddish brown,23
bay,22
vessel,22
book,22
ceramic,21
surfing,21
volcanic crater,21
camera,21
shelter,21
coffee,20
hot air balloon,20
watchtower,20
gold,20
vegetable,20
jewelry,20
concert,19
camping,19
harbor,18
blossom,18
park,18
riverbank,17
reservoir,17
umbrella,17
mountain ridge,17
onion,17
fort,17
cliff,17
car part,16
tangerine,16
roof,16
flower,16
poster,16
gravestone,16
furniture,16
column,16
highway,15
tea,15
snowdrift,15
conifer,15
ruins,15
barn,15
cross,15
cave,15
mountain peak,15
grid,15
jump,14
megalith,14
ceiling,14
cavern,14
pylon,14
pine,13
rock formation,13
castle,13
freeway,13
auditorium,13
drums,13
valley,13
alp,12
bike,12
apple,12
display screen,12
campsite,12
softball,12
hall,12
menhir,12
campanile,12
ridge,12
wind turbine,12
grainfield,11
bicycle,11
stream,11
house,11
porcelain,11
grassland,11
memorial,11
lighthouse,11
lemon,11
calla,11
fence,10
building structure,10
performer,10
monitor,10
fish,10
computer monitor,10
tent,10
vault,10
tropical,10
watercourse,10
hay,10
fabric,10
crag,9
car,9
overpass,9
wheel,9
lego,9
stringed instrument,9
cartoon,9
outcrop,9
floor,9
insect,9
flag,8
latte,8
tepee,8
ring,8
rotunda,8
skyscraper,8
blinker,8
canyon,8
field game,8
reptile,8
trapeze,8
reef,8
monument,8
peach,8
garden,7
bird,7
baseball,7
pond,7
safari,7
lantern,7
swing,7
plate,7
watercolor,7
cosplay,7
ball game,7
stoneware,7
antenna,7
fishing,7
bench,7
pier,7
shed,7
hair,7
ship,7
gun,6
farmhouse,6
rampart,6
thatch,6
fortress,6
snail,6
triptych,6
egg yolk,6
crevice,6
feline,6
infrastructure,6
dome,6
tattoo,6
snowbank,6
persimmon,6
ice skating,6
skating,6
glacier,6
crocodile,5
chair,5
amusement park,5
chandelier,5
carnivore,5
race car,5
cactus,5
roman arch,5
escarpment,5
ferry,5
dough,5
window,5
battlement,5
flagpole,5
palace,5
graffiti,5
vigil light,5
field house,5
greenhouse,5
geyser,5
tire,5
triangle,5
wedding,5
scuba diver,5
car tire,5
fortification,5
succulent,5
drawing,5
benthos,5
ski,5
crowd,5
gymnastics,5
park bench,5
coral,5
crane,5
pasture,5
lens,5
teal,4
cloister,4
clock tower,4
climber,4
olive green,4
ladybug,4
jack-o-lantern,4
elephant,4
abbey,4
nissen hut,4
frond,4
building complex,4
cathedral,4
piano,4
hang glider,4
sea slug,4
lectern,4
eyeshadow,4
palm tree,4
round arch,4
swamp,4
plaque,4
hedge,4
computer,4
pool cue,4
screen,4
table,4
parasail,4
viaduct,4
recording disc,4
high-rise,4
sail boat,4
railroad,4
creek,4
arete,4
pet,4
car rally,4
assembly hall,3
shop,3
groupshot,3
court game,3
racing,3
pinetum,3
jamb,3
motor,3
alligator,3
aperture,3
cat,3
wallet,3
spruce,3
cheetah,3
picture frame,3
maple,3
television,3
fashion,3
pointed arch,3
honeycomb,3
golf,3
water tower,3
hovel,3
star shape,3
diver,3
computer mouse,3
candlestick,3
cd,3
snag,3
curtain,3
cetacean,3
leopard,3
camel,3
atoll,3
camp chair,3
fieldwork,3
temple,3
step,3
stage,3
figure skating,3
oar,3
rapeseed,3
tangle,3
cantilever bridge,2
playground,2
cenotaph,2
spoon,2
sidewalk,2
shoe,2
pumpkin,2
chassis,2
branchlet,2
duck,2
firearm,2
tarpaulin,2
fly,2
room,2
condominium,2
lock,2
weathervane,2
rhinoceros,2
ensemble,2
bluff,2
stronghold,2
ferris wheel,2
windshield,2
fir,2
buttercup,2
signboard,2
predator,2
gothic arch,2
nave,2
eagle,2
fret,2
aisle,2
footwear,2
cuticle,2
horse,2
hat,2
golf cart,2
iceberg,2
ant,2
tyrannosaur,2
screw,2
belfry,2
truck,2
skein,2
scoreboard,2
riverbed,2
hockey,2
wool,2
cannon,2
beam,2
banner,2
jaguar,2
ice rink,2
paper,2
bison,2
sewing machine,2
cattle,2
printed circuit board,2
outfit,2
guitar,2
ranch,2
bathroom,2
resort,2
mushroom,2
cow,2
piste,2
masonry,2
sleeping,2
speaker,2
arabian camel,2
concrete,2
rodent,2
container ship,2
red maple,2
swim,2
cereal bowl,2
auto racing,2
intersection,2
clown,2
computer screen,2
pew,2
abutment,2
illustration,2
wood laminate,2
earthenware,2
tennis,2
steel arch bridge,2
bird of prey,2
support column,2
rowing boat,2
neckpiece,2
lichen,2
stonework,2
petal,2
buffalo,2
ferrari,2
onion dome,2
circuitry,1
snowmobile,1
apartment,1
peccary,1
beluga,1
swan,1
cayenne pepper,1
sprocket,1
candelabrum,1
computer keyboard,1
angus,1
open air market,1
lavender,1
paddle,1
microprocessor,1
big cat,1
roller skating,1
stove gas burner,1
aardvark,1
groundhog,1
casino,1
bicycle wheel,1
crab,1
porch,1
musician,1
bullhorn,1
window frame,1
bald eagle,1
primate,1
car wheel,1
bus,1
graduation,1
anteater,1
lecanora,1
frying pan,1
computer chip,1
four wheel drive,1
motor scooter,1
collection,1
birdbath,1
notebook,1
baggage,1
colonnade,1
motorcycle,1
keyboard,1
muskrat,1
reading lamp,1
willow,1
wood fence,1
wagon,1
chairlift,1
control panel,1
token,1
map,1
harp,1
sheetrock,1
semiconductor,1
skin diving,1
horseback riding,1
jumbo jet,1
drapery,1
yurt,1
basketball,1
marina,1
knit,1
needlework,1
yarn,1
circuit,1
dwelling,1
strainer,1
villa,1
monkey,1
jet,1
gymnastic apparatus,1
cabin,1
girder,1
draft horse,1
manhole,1
bannister,1
stock car,1
runner,1
row house,1
cable car,1
aspen,1
school bus,1
mansion,1
formal wear,1
dog,1
hallway,1
drawbridge,1
stoop,1
shellfish,1
gable roof,1
riding,1
organ instrument,1
pavilion,1
skylight,1
parade,1
portrait,1
glass,1
wheel spoke,1
hand rail,1
food pan,1
bicycle seat,1
plywood,1
drum,1
digital display,1
office furniture,1
gable,1
carp,1
dancer,1
truss,1
gondola,1
brick,1
engine,1
elk,1
keyboard instrument,1
bull,1
gnu,1
percussion instrument,1
lizard,1
scuba diving,1
hedgehog,1
rim,1
knitting,1
running,1
stairwell,1
hearth,1
bottle,1
joystick,1
carthorse,1
emerald,1
mountain bike,1
trestle,1
rafter,1
chateau,1
white whale,1
collared peccary,1
backboard,1
gorge,1
piano keyboard,1
bazaar,1
chain-link,1
horse ranch,1
magazine,1
ox,1
spadix,1
sketch,1
portable computer,1
whale shark,1
pottery,1
cabinet,1
rose window,1
trail bike,1
block,1
locust,1
deer,1
bactrian camel,1
chalet,1
stag,1
worm,1
friends,1
skunk,1
tailpipe,1
